cpu_util_percent,memory_util_percent,disk_io,network_io
54.96714153011233,80.99033154879004,79.74465175076855,11.843848842452182
48.61735698828815,73.86950524369153,95.66443987853447,32.79229978440996
56.47688538100692,60.89445554880261,76.22740237000116,41.72788933156711
65.23029856408026,50.295948334416394,90.76115411082878,87.7537531468038
47.658466252766644,70.47334970420386,43.19155999138643,61.13106249067516
47.6586304305082,65.90228078132624,106.39881122118815,23.290368618002173
65.79212815507391,73.42789830041599,100.03616426086673,59.72072578835274
57.67434729152909,69.52757702522955,75.48734106795428,19.05392022123269
45.30525614065048,75.74329072979003,119.77737005297215,71.65382107774147
55.42560043585965,51.97147182659148,128.12710412879676,40.57750696364243
45.365823071875376,79.76091098451488,51.773204068930774,48.12727622521658
45.34270246429743,62.96399407038599,77.11825664301358,76.5159329508438
52.41962271566034,91.12891308937898,76.92572950638106,24.256728628315003
30.86719755342202,49.66218272865648,71.80290696673406,22.057636297740174
32.75082167486967,86.03945704747875,124.88424525795246,38.328013473079906
44.37712470759027,62.96866175193972,94.1852158368159,70.76757702038634
39.87168879665576,50.22872994578327,92.06455476068167,19.613078490463153
53.142473325952736,52.741712489185176,39.884129067797396,-6.643111962211378
40.91975924478789,55.1947903770852,119.0625409062768,40.97682283182002
35.87696298664709,66.36248919602875,62.82224815439582,61.034815998218406
64.65648768921554,67.8425323205325,101.79797890798984,74.00523499477659
47.74223699513465,51.394499940921314,108.32130813874575,40.73677275829202
50.67528204687924,59.634681116085254,140.81975787515952,41.77146785767995
35.75251813786544,92.13405537917795,60.73538802642664,73.07801468511494
44.556172754748175,85.91314755151066,9.414635325375244,12.605166006091586
51.10922589709866,66.54485504511048,105.51548634261084,42.22958449633981
38.490064225776976,60.570052172523006,154.0153354453256,53.80847779850116
53.75698018345672,61.80046990077392,137.16839058818312,58.984374425700686
43.99361310081195,69.20276959095625,106.28978245823878,39.80386613618235
47.083062502067236,44.658111522023916,85.25091443103858,50.688820234116825
43.98293387770603,56.139351938649824,124.21367789911932,0.2334529317402101
68.52278184508938,34.97123889183616,70.79361400886594,36.83503175332304
49.86502775262066,65.98834683907918,114.29073308068658,59.07017425108935
39.422890710440996,69.70793909554112,115.1641047749988,30.35411931490641
58.225449121031886,52.75220306550939,131.80629722496639,51.17968443179195
37.791563500289776,83.6098014493505,182.7898011673323,58.93745001605396
52.08863595004755,41.61351505496488,111.77247901536302,43.1490159828447
30.403298761202244,38.0343767968527,84.73109122877504,53.40927541993142
36.71813951101569,63.36677727839958,99.23277063424017,30.745348694307754
51.96861235869123,75.70647453918232,46.92772285332645,45.867774406079064
57.38466579995411,85.25891537186803,79.15860606732825,62.20432339178445
51.7136828118997,53.1167360569659,87.72152685660689,53.13945921936868
48.843517176117594,76.18021250146944,84.27734806196223,38.26937460872129
46.98896304410711,59.422372957489394,104.57064616101167,54.48432808581586
35.214780096325725,57.41059050088771,75.32740202853398,64.29219581273236
42.801557916052914,73.25489906230008,133.63092001973413,9.00117442845044
45.393612290402125,69.78484317620129,100.0062119475459,73.18148129911796
60.57122226218915,36.35411764523626,99.72099036584157,43.274905226378564
53.43618289568462,82.14810524588844,90.16315850461247,58.509798664804606
32.36959844637266,80.70137031221176,104.65572051576937,73.94493847290455
53.24083969394795,50.61655947735706,124.75294794002905,22.566526055390682
46.149177195836835,65.93705300156114,73.986093528673,35.81117995144907
43.23077999694041,67.41045279424108,80.2565053277423,44.2290260824859
56.11676288840868,63.910106487358604,90.88821913670006,34.32492957751143
60.30999522495951,51.7454226923187,59.62387229580355,84.69873151673616
59.31280119116199,49.92564948092922,75.42226420835507,32.86455812346415
41.607824767773614,59.61668893512832,85.71337379366022,38.88906441026267
46.907876241487855,77.59093528889048,126.23167542138182,54.087780632059534
53.31263431403564,68.15400231891648,107.87683987005775,25.957009478478223
59.75545127122359,54.44078501870841,105.80769734102633,42.08638576487472
45.2082576215471,71.57548065972517,125.52693886503917,56.3490652250035
48.14341023336183,17.27186069054887,95.8788463480181,43.342791912349774
38.93665025993972,77.23148550558156,111.71394549786669,48.13226282200103
38.037933759193294,33.904293318328506,96.90334741202511,39.413357751032585
58.125258223941984,54.563385878953014,107.96087048198885,19.71059381638466
63.56240028570823,43.20495158060784,82.51724027165254,56.43186422678477
49.27989878419666,40.57977786418641,26.835485251707127,85.09866143294482
60.03532897892024,77.41240181067779,95.97162513441087,50.36803261566876
53.61636025047634,52.98448198032163,142.6824440829982,54.50528234495099
43.54880245394876,65.19755822596073,127.78646206724777,63.85445510233719
53.61395605508414,59.29619131681224,128.96192453773511,24.613390069066018
65.38036566465969,67.15561240834683,137.08392165418653,84.05029316259211
49.64173960890049,61.15232836590383,102.65972772884312,54.04657592845604
65.64643655814007,40.755116637171454,105.91947122216787,82.63713798178217
23.802548959102555,74.94400229170711,81.4704431369695,35.33934008952021
58.21902504375224,52.593651252580315,90.5178143191885,86.3612384511565
50.870470682381715,36.651271520103734,118.47313449313424,65.50310988069566
47.009926495341325,53.578272585511314,136.1165331150645,61.06080171704717
50.91760776535502,82.51139685951466,95.81661172957001,54.68048908706296
30.124310853991073,72.7533261317024,86.49432205445765,45.02942763851101
47.80328112162488,54.77021798388211,100.01583876569792,74.01063316947744
53.57112571511746,54.76113443522357,118.03620246787344,52.80719739696094
64.77894044741517,55.17547423173926,56.684355515993744,10.658605928256954
44.81729781726352,91.15121975341262,31.114571405882856,27.65627076585995
41.91506397106812,65.7290317834733,83.4838945152525,46.28308495614505
44.982429564154636,66.45062470786604,63.37862722257524,56.1999796633111
59.15402117702074,75.45425181047763,84.75579407058068,48.86823022200208
53.287511096596845,63.581837385397705,95.56659043547586,74.37941579587326
44.70239796232961,56.11436781268945,86.4025477293096,10.977962719227506
55.13267433113356,57.05475226372533,143.57402603412237,52.8717587301032
50.9707754934804,58.92598110878904,109.8023429380696,13.640415492256906
59.68644990532889,59.44166645235238,109.01423078832485,65.19424590968336
42.979469061226474,70.9144431545547,118.66621432130205,48.11082571115995
46.723378534022316,60.77918828710949,65.83500646657693,58.392199440482365
46.078918468678424,70.98960115823368,131.17335362260806,32.722340788204676
35.364850518678814,58.78925129837126,97.72707140393621,75.58929863315502
52.96120277064576,61.17952785474136,120.11441851723637,70.83449328117703
52.610552721798896,30.026989732018386,67.84428300879534,61.67088606023775
50.05113456642461,73.74491512053723,53.38723701951807,47.40965506273118
47.65412866624853,65.19732713846989,124.53668974075086,61.59714570590264
35.84629257949586,74.97015164789478,111.2922857829255,35.862148640253025
45.79354677234641,16.556169327094658,72.9384533692747,67.11111318041424
46.572854834732304,91.32562057171091,73.91010756175916,82.98961788647841
41.97722730778381,57.90615557767239,133.76304353244308,71.41221119958372
48.387142883339905,76.62274225106275,64.31764321398016,35.40795060385181
54.040508568145384,44.401411093117034,149.2801885976789,57.22834634546206
68.8618590121053,69.19160857593855,72.98137796056395,24.137169124827047
51.74577812831839,44.198766552395156,119.15175776825149,61.44780622351352
52.57550390722764,50.64346558956292,90.14144572753047,59.012068257250775
49.25554084233833,88.71047030800179,118.09562293247029,12.603673209356721
30.812287847009586,57.1397639885498,83.67657993657423,26.764323121752724
49.73486124550783,63.26149309769584,95.11621281783117,44.33722206512466
50.60230209941027,73.05101596033131,101.22757526187164,43.98280505718348
74.63242112485287,67.43522831958907,69.93437632655582,25.810461291623895
48.076390352188774,62.256283577153646,122.22473036260378,57.779574587043676
53.015473423336125,65.47441503699338,84.60359300585245,55.02947217881024
49.65288230294757,96.05123377857413,93.14200253979945,46.11461736042961
38.31321962380468,59.13571804449622,70.16951876174463,34.88416999683274
61.42822814515021,63.016485700724516,23.129990236140685,70.97414252833127
57.519330326867745,75.75981594011418,94.26916712199493,83.1081422617659
57.910319470430466,76.58288899436975,172.37846264838748,40.32877032306926
40.906125452052606,77.8054545834057,123.53812863694071,37.75666165690359
64.02794310936099,69.58095333043777,99.42218860796817,59.82415330823993
35.98148937207719,42.854926309042746,92.11327512375198,42.83941240506027
55.868570938002705,84.50147298451644,100.67397678436139,47.212055986735315
71.90455625809979,42.804819104719684,116.4135734552563,64.79306303449343
40.09463674869312,64.5395319785855,64.57561554073465,11.812878249854144
44.33702270397228,48.68586224970963,133.42965084006616,76.36604649705339
50.99651365087641,59.03792480110511,121.46143946323733,51.453610486586825
44.96524345883801,64.9314361545522,121.54557177123803,41.770137108756394
34.493365689338674,64.8203582317541,113.15427216429183,48.21531691557102
50.68562974806027,66.32881131352927,100.58849973081969,49.248587100410376
39.37696286273895,84.20566903587971,120.1858370790046,15.375973931101491
54.73592430635182,66.8030145227097,117.75442401224134,79.89876454906472
40.80575765766197,56.33765047064027,89.37877867176928,50.82651264541237
65.4993440501754,74.46130752432536,82.79194681309298,58.8600426089475
42.16746707663763,77.8420573338696,103.05568885785961,69.03099541148086
46.77938483794324,41.58588277294511,146.47060454485563,29.576750848793996
58.135172173696695,68.96100104774787,62.826787730382975,59.46943798070457
37.69135683566045,70.51759113466348,55.9742420274268,44.64717818202413
52.27459934604129,55.53654744960012,104.9428252370955,66.93541550432988
63.07142754282428,80.6356021996743,101.52663105568054,7.455451592970093
33.92516765438772,57.7491661945121,105.20024993111224,48.01811399517462
51.84633858532304,61.88364680207313,107.31859593725501,37.943586884320766
52.598827942484235,57.40392263574196,93.30393236095584,58.64525901268311
57.8182287177731,60.23368571372201,144.69590315806246,59.40088374736404
37.63049289121918,43.55587369657197,51.972880645704535,35.84748210355948
36.795433869157236,38.39923676108559,75.14508925659263,35.756522716479125
55.21941565616898,83.91757594837458,96.90235719552858,47.78669262885341
52.96984673233186,47.29557977522508,50.704335665374984,32.06715545369583
52.504928503458764,45.129114758155396,94.72436786703787,66.83967390904255
53.46448209496975,27.699148295944276,149.84410497184055,42.61585599105108
43.19975278421509,50.41557378465747,100.62659464887885,-8.13976438643283
52.322536971610035,40.153653098887524,106.92102717156051,42.503558867563875
52.93072473298681,84.63022740204553,62.19505704482259,29.229123583120554
42.85648581973632,75.1472563401395,81.50915775881568,17.37448369078109
68.65774511144757,49.67774482233414,88.74410859028188,25.25146723554855
54.73832920911788,93.78653708016463,90.46854709731298,52.1881694366594
38.08696502797351,74.72648230487391,138.44931385011307,76.57281656496463
56.5655360863383,55.12752924737066,116.73073182175374,56.2636894772996
40.253183297726785,22.508914276896405,66.65626129188904,37.869932235685205
57.87084603742452,94.36413858886112,107.39514335296015,59.11808390341405
61.58595579007404,39.15641299854606,114.94665245490356,40.81819379562016
41.7931768164829,35.31901879564663,134.204471155638,36.10799261673711
59.63376129244322,75.3385564801446,147.41622059705122,26.912746635340312
54.12780926936498,96.59628609508908,69.54717424516394,14.96342386496562
58.2206015999449,80.76409227765777,75.67427466368986,42.201525868811096
68.96792982653947,68.4586368007854,62.27266423256151,53.161069798402636
47.54611883997129,68.92131512497929,92.97940422679056,48.067526599702205
42.4626383564251,72.80123338170462,113.99075123339003,41.68066144105283
41.10485570374477,71.38392884680148,129.62003549767306,31.08507878606438
41.841897150345616,64.21787135954064,97.72146929072431,62.16492383369937
49.228982905858956,61.56301655927814,90.40457430235469,23.657361601068303
53.41151974816644,59.06110308150716,104.55273976746221,65.52055827686951
52.766907993300194,48.690531166999854,74.94571295109931,29.955659621465504
58.27183249036024,55.78987384699839,162.6861616508432,34.9512952529393
50.13001891877907,34.605647787069216,51.77016918645824,20.66429618768646
64.53534077157317,58.52490559807875,105.54221736687174,39.97195706228727
47.35343166762044,45.17113339273624,160.70818657688918,69.50624916955958
77.20169166589619,43.44616024176344,100.20399533679993,60.31256176887913
56.25667347765006,62.698412267302174,94.29882894995517,69.5684422405607
41.42842443583717,80.880034295169,89.27663731568718,60.442850918678715
39.29107501938888,73.7747490900347,94.58824954712776,27.926603429392614
54.824724152431855,36.442490945652345,141.1854542402959,43.38421551344885
47.76537214674149,45.15557795144494,33.644142660114795,34.39601741765075
57.14000494092092,74.11156781982324,146.00301103888978,76.6114980807808
54.73237624573545,45.26268909692536,57.28128542649565,26.06422707147377
49.271710873431275,56.63050275004463,92.00043012296756,67.87395378778221
41.532062819315954,68.25078148536828,87.12266739104015,67.85907740217539
34.851527753141355,45.47483317704547,117.65659809312159,86.59240403432175
45.53485047932979,61.580632592189396,52.05626944348757,41.80626814741005
58.56398794323472,39.989617576226934,113.86517998245829,64.24644319160325
52.14093744130204,50.9794853407318,160.72928869860556,95.63303673077685
37.542612212880115,64.79672901213806,59.104779862215686,37.647166461326066
51.73180925851182,36.105093997024966,105.69118502831186,19.299195049352807
53.85317379728837,66.60712106940599,80.14053466610173,12.399799321844725
41.16142563798867,59.70543301609978,112.77661618579107,64.25424057722662
51.53725105945528,68.28734931625722,100.57443332247256,12.336995838828322
50.58208718446,63.358712010969924,80.75539272867071,42.553618941241545
38.57029702169377,80.46210644960766,114.63616854613223,58.74626374077921
53.577873603482836,61.87836753971861,154.1304432936023,53.70351073659828
55.60784526368234,53.558916883121206,94.27288624818104,58.508897283683446
60.830512431752766,61.83446254548426,121.59273826444546,54.44579711601708
60.53802052034903,68.14947043554582,61.20181126386509,75.57731626626787
36.22330632042909,60.732901054885566,71.30690869545974,30.95367238522406
40.62174960084877,60.608875368058236,114.17218833641132,36.460097230829376
55.1503526720866,49.47012468289867,144.52348085607895,34.54681109458352
55.13785950912209,50.05648623673578,110.6684004635698,66.60383623725221
55.150476863060476,38.96092092300459,90.60825908430537,68.00797176790127
88.52731490654722,86.24365114780409,99.97874216270063,59.02450638637016
55.70890510693167,41.34205146913072,62.48776798090847,73.66987333779855
61.35565640180599,49.60642203306139,118.135459790661,26.439182652472386
59.54001763493203,49.22389101646204,126.46999186970227,83.34448223102274
56.51391251305798,73.42386565416662,86.43729001500759,80.46477243424516
46.84730755359654,55.57575482561958,85.89873556721496,64.71243994491493
57.589692204932675,78.716131090106,107.97634688956146,85.6359781754212
42.27174785462428,49.897640636341976,86.89840791878214,16.867535846444525
47.63181393259991,64.18491243335703,98.01602156122533,39.51103727474696
45.14636452170897,47.46979420110364,162.99165367499546,35.29393078636095
50.81874139386323,92.17723691660083,92.5892289776201,64.42958647514686
73.14658566673509,42.18602371455731,89.24979543936334,28.997185207957088
31.32734807408252,64.64731065340541,80.57374583094523,65.14990298674971
56.86260190374514,69.50665321398148,122.3257591449981,77.41072287993427
33.87284128810349,66.20698646177247,94.5632748034569,63.904058001679985
45.280681342105666,57.220685116834375,80.51880885035722,55.67502047323002
60.889505969673664,58.05268950399861,139.63912096819035,30.242533181985017
50.64280019095463,60.657172079686646,142.58809013540912,33.0629806774927
39.22255222070694,57.79496997557267,81.98729302783885,74.99237810593334
42.84696290740032,74.45818675192365,44.00380145918151,65.58698007810665
56.79597748934676,93.15784502387027,130.22541069510766,49.21960961244912
42.69633368282864,51.637623224882496,79.46110522719988,41.64180908468219
52.16458589581975,39.45295530631383,123.71876797488306,9.48384253777246
50.45571839903814,58.67576927473118,40.89688546864493,28.582951626311225
43.483996523941826,98.69564006481477,126.77792014897928,88.22838174279447
71.43944089325325,47.944881480454036,63.66484212157656,24.390888579950666
56.33919022318011,84.58675208166102,121.92292357199574,53.78959642442161
29.74857413342393,85.1655122111466,100.42819203509302,70.14887946390397
51.86454314769428,51.69617637438008,71.38181741810065,24.90154663995415
43.38213535231612,68.53474618777913,87.78891061219659,53.694209495621664
58.52433334796224,84.42594934692806,120.58955370870103,68.7583107502131
42.07479261567299,54.313083885187694,103.17683359345703,50.24998643814501
48.85263558533101,56.946294598464576,117.53238941417453,107.36806111333536
55.049872789804574,51.274786290770344,159.29321753546458,16.628014822436093
58.657551941701215,44.778649039607,53.07275164866846,71.17457059767759
37.997035929442234,50.26083682400989,148.51637724905873,46.54396525207071
46.654987641590516,41.64089599856615,103.13067812569639,65.43840309673351
45.25054688839044,60.51125202388839,73.03647855030616,58.82614303398492
43.46670767426288,48.450401534120374,60.0905912278303,35.33687605780007
67.65454240281096,63.50678867686121,94.32638827668899,54.5799278491868
54.049817109609556,36.66156530694559,127.64950335773378,12.841970972034254
37.391160456649544,64.96320348321686,96.17352638867398,62.064950011427875
59.17861947054776,72.50293442413387,145.33464790742042,55.96316931981051
71.22156197012633,30.093965361428168,56.464729298453236,62.77320337286205
60.32465260551147,65.61084854771359,99.63733156461836,71.16236650174301
34.80630034045987,78.41503488709938,62.42819666760643,57.352396804194214
45.15765927133749,41.855384719631914,110.90895647874903,52.96178839596553
62.669111491866225,85.08858580256555,126.60662170291901,32.37863326677416
42.92330534381219,66.28528514049067,87.3771461895684,35.755584727018984
54.43819428146229,49.424822163623865,21.87358430118597,73.73469240354662
57.74634053429337,59.16346383513441,105.96844440389484,78.72670811411957
40.730695284219166,68.37490368782584,113.10215655200528,45.237791273758916
49.404746439382,61.14008087118617,112.12884264885093,50.92005494506548
17.58732659930927,68.08133988669553,137.07346575466462,31.907712500124678
39.756123586657104,46.1898961038095,67.86838961052854,73.4551369053489
47.4743184860684,62.54041236054117,120.40648316351349,63.308336473835574
37.52216818035151,38.79428254642529,135.77522537433924,88.82434872927499
66.32411303931636,58.33160907976949,46.64237247980449,32.43353845640522
35.69858622039367,46.44138537802815,109.58955477756932,42.439842019635655
45.599555133030165,48.9670508611535,84.87460506976986,54.62891845051145
51.30740577286091,78.54139762815656,97.55431980695062,62.92979075451541
64.41273289066116,76.36965180891403,110.43029450615009,45.686647249047354
35.6413784882056,69.13707181360766,85.38314307659343,32.54077819092599
61.63163752154959,43.61530852991132,79.72875762515164,67.62815057847142
50.10233061019587,55.25387325457797,101.02457252464073,64.42270725091163
40.18491348952049,78.19646549968775,67.38262183411592,31.6745179887255
54.62103474263271,62.12575370459857,67.42524613344443,77.10885602210992
51.9905969557347,94.7899430997254,120.3811984886951,73.40397418393208
43.99783122841205,65.89976759091557,65.53617894524032,52.68592994495586
50.69802084990019,62.880736747350475,119.98937502727635,51.591957247520725
46.1468640313824,55.363253036962476,113.87773878561853,61.08115542231815
51.13517345251248,62.00311357173423,48.2257981362821,32.76593859487484
56.62130674521047,57.712952454291845,79.67306042993035,50.600629583281645
65.86016816145352,70.62163015032885,135.82328209142116,6.9523291078163965
37.62184501173151,74.35053475191876,70.56503406580956,67.52911291005871
71.33033374656267,48.21015809238076,86.06787213071837,18.770135551162813
30.479122004774982,40.03150569663333,113.86182679755689,80.06839656857998
48.482149049644164,32.456919403450556,123.50171527847786,43.39759812067099
55.883172064845766,67.61986990368815,92.45383341866513,45.76666036137646
52.809918677350325,43.449500907391894,82.07469415925075,37.44532187830988
43.77300480179406,27.706641105712755,142.67109585095523,44.239222521558474
47.918777496427246,65.82867906796446,152.16698991392735,78.37062690296074
45.06999065341167,97.39499276149186,129.36574152345386,0.24382686929840958
44.106352430557884,59.9089363269016,102.55954427695072,75.53930772176375
58.496020970210246,72.57736161677462,75.7520283507722,56.760469622034165
53.57015485965047,61.22744037821347,75.08666780330304,25.859567042855687
43.070904047393455,58.51665520213286,115.67542315797273,28.493752139015243
58.995998754332504,73.78614724481653,112.55194662666051,83.52786054416407
53.072995208766095,55.64588183717023,142.0479577883929,31.089862401145375
58.1286211883896,64.01088471107855,119.51350277608418,26.93298978808081
56.29628841923612,64.8254670929402,54.90759094720546,72.74629084729459
41.710049890779274,49.978643195354266,131.55842853168755,56.771057525718284
44.39818959803031,74.88063524304785,70.05818118056762,31.241488469272024
57.472936051232615,57.37560364956887,88.48086184142946,54.33249950809238
56.10370265433465,48.66382260760733,107.50600618755084,29.484946327194454
49.79098406035852,68.04764765355606,159.87002469351893,72.0164279684521
51.17327383308782,46.52298027313444,193.29755668016082,71.22741929746267
62.77664895788425,60.42271736053692,118.20169177408548,60.64012397643886
44.0842861116417,59.86321505033695,94.50410143838836,57.23322122494033
55.470973811700375,76.28843348747367,116.0351694544165,85.22376249734748
47.97807347566106,67.12047349319928,126.62966277621508,49.9937265477645
47.8231879677278,59.624595618822845,90.37997123328425,26.362517491583976
60.9877685198719,72.26649448800431,153.85634067736967,58.98947825664614
58.2541634898803,80.8531132352597,106.90212277574206,91.72094099074228
58.135096360006386,68.36715459527794,114.93229267274182,29.70481013628296
63.05478807154329,60.15528929765071,119.97772756163384,42.77074466612029
50.21003841632759,40.32245651474761,112.64759831843367,58.32892076202906
56.81952971294964,44.02329505386941,125.16821501408836,48.921903019885214
46.89733243406544,55.421629434679986,81.48240440359231,30.35392839245371
53.24166352488442,50.85731696761076,83.25094738161908,72.43715712460941
48.698569456323156,57.19543045521831,66.99537301084915,96.40081444034519
50.96995964992718,60.849748873456605,113.18503691860678,53.92262918047815
55.95157025436914,67.94539131535096,123.36809510536342,31.918634205279993
41.81779316766527,58.94251832911363,113.73318598455657,19.020789498930498
70.9238727568546,67.29752465739303,150.23477300042612,55.159519624423616
39.93982618500298,60.9671162221518,99.8321194351286,72.07754686632515
37.85811387212268,30.368001504691932,120.06224966777538,59.50335492990763
61.581108735000676,45.90996909271868,67.24897371582057,49.951923181622924
57.91662693962936,57.83868666417577,88.38700892576797,38.21456696421387
56.24119817052155,41.85457885738339,120.86613272697332,28.156727345638206
56.2834550926428,68.99893094994307,125.47306332229432,66.69502652649764
49.87753227153085,82.96126248515546,91.18099157007453,68.2754324277117
41.02745628514168,78.28142777545975,97.852022444258,19.085404266185336
50.75804558193726,56.79835693604688,54.46378759957572,81.79677956361368
43.22838288487888,82.36089205274928,89.28912397580172,61.48142441788003
59.75119733417751,62.23001185803167,126.71149490559358,77.99189290291586
48.52942618497861,54.94371043322941,117.25615048319699,23.157445030297698
41.745028032074885,50.7989600468859,115.01997164143629,22.683516891691223
46.78614158347007,55.462954702678076,101.49321061542881,47.02061380465406
54.12931454275624,54.17734772188157,100.21189475884529,60.05568853790388
44.36275447196025,62.55624333563232,80.19036581579658,85.92721645853928
41.77779604433569,62.40860971574797,120.96485260607605,64.12157827630263
52.436872114919126,60.04569030230122,112.62918833168169,45.14637446375933
52.44966571108723,66.55407254619524,114.76056543978397,29.472615846682157
44.9305682462887,77.85969412179512,84.21895471997259,74.60001145438301
45.289616943816775,74.24331203161985,35.399712403862665,30.705891484985703
52.32049937357636,37.726530473251444,132.91458135261087,82.56937109544643
35.51915658502676,21.691182976470678,85.63487631974787,44.31230700786981
35.92536225623445,74.01479866858911,74.11672707870639,81.81164145235701
42.81555778747564,39.49681952376868,120.8043673574198,63.57862580118557
47.86552848288153,56.62851897160975,88.23962080242612,47.26009021115083
53.10907565598005,42.448304609109606,131.79809152139865,39.61207256347747
64.75356216949552,32.970293436299706,118.51017848730092,43.1818424530784
58.576596232020194,68.12194092307182,120.50707969601433,58.56633384750475
48.40061470036573,71.3873274045397,59.02132866398397,51.54312992435433
49.80983792097311,51.35234398909921,136.358319561592,38.1237718386259
39.97470635362191,21.134365617826354,107.83751593701568,46.68737179364736
49.8148686400761,51.806333276212754,88.92168582261391,51.571540594382995
47.11341361079862,65.8770600810382,104.30165402026753,7.42531811170376
53.227185603380896,37.81632646838807,46.7129430130504,59.16336229577397
41.727690564476774,62.750398796687335,112.25958434442012,30.405575505663865
55.193465142411725,59.77035226240507,69.11885475453785,26.9333519358851
65.32738913002578,68.68937249401633,59.419891424693965,16.253113057785797
48.91239851543143,61.7937055262123,54.329224413463265,14.122150042642197
54.01711722098941,45.40396588677667,133.38065124969776,22.891049937754214
56.90143991711113,77.94857252496737,81.12209818921633,35.81958084739019
45.987795281141636,57.62205640459545,146.01183129749498,89.06518275053136
52.24092481810417,59.590431907351025,83.92595610843107,39.482406482095925
50.12592400781795,46.00098061390206,48.7792612722116,53.55500212536063
50.97676098548832,53.35076623212734,66.50426680154023,58.009627730126574
42.26990216144534,46.727959289596484,137.07434860020817,52.621303724316974
50.245101742589426,57.405809101148655,95.32305466189997,48.451130785480125
54.979982912454496,85.67562720213516,83.55138110528198,26.094124728015107
64.51143607795042,39.421482856029655,104.80054677558363,79.01855096558424
59.59270826085207,35.79657903184888,115.05348208502635,86.1439328727577
71.53182457511556,82.06755491240412,133.52196447707382,16.346826117546286
42.326524371119504,56.86014484272201,143.4549768967878,29.51942818227241
58.723206367206785,49.963908920101254,89.20694062632742,44.403793152459876
51.83342005738352,75.59857031094114,60.21856941753885,30.709244101796173
71.89802933217672,50.91576690394704,87.59604516630172,60.1193110691173
41.91701714644849,87.39014570320404,107.80841519748658,35.434555951867736
41.602781578192236,70.16888807008904,71.08723221368167,93.30112135613206
44.00607354555978,52.68132887781446,71.28547255314871,73.81097188687193
28.76104275690193,92.35962319898255,110.31363644649656,54.2514806126443
44.74244978319239,50.914276154949924,98.54042945288647,70.53972526639464
42.40867338446302,71.13143058013961,100.9839098623476,72.11800848714617
51.50393786476208,64.48938870609737,77.24513995899792,38.72105023883513
53.41755975777159,79.52611934098198,93.08797857382697,33.6756551091607
68.76170839215887,83.42266795090279,72.27300567195087,51.562861259392946
59.5042383818605,60.4800622359865,126.7059523337436,67.23272248995889
44.23096344337597,48.69873194480725,131.05748004171258,52.781207973068355
41.01585328651642,66.89958214408675,44.61436413285718,18.460070356180054
54.919191715065054,49.834269453718406,72.1146741942277,33.94351112098315
36.797667929793576,90.20080871289935,55.104122347297626,48.52054272811244
68.31458765854353,62.04802996624106,80.49928196779305,48.486687913483394
61.79440120721287,54.52017673031837,97.49686090628917,89.45084353579617
45.30824347895295,62.77020458797362,56.5106434090441,22.28024115202004
32.868654709091224,39.793105657054554,72.3442056062406,60.11178483671749
63.538723741654124,45.42578942234023,69.88127883755504,79.7822621665658
48.85460154747382,78.00620861916639,106.21801988196832,95.42899490845592
62.378163119734616,50.14658581542906,102.0803301110875,41.912051536320774
34.05572341205633,44.296335259770906,78.3478733998824,59.82858905440399
44.00624977046227,68.04979128790929,105.30462616418194,61.39520714397294
50.05243699718183,77.78556231994496,83.59959746238204,53.90963463106581
50.46980593764742,70.784299659976,91.8503466902184,48.02309597521388
45.49934528520756,74.94071528708724,150.2035627089561,58.71950779000092
56.228499323474985,48.64807367145809,140.21383155371043,-0.6449217043937097
39.32379570617405,38.67283999887235,61.01256289217207,63.64138980125263
48.576205149787064,82.5200047793323,124.89197253637523,52.52355807323934
51.20295631711899,55.15980241736796,124.34189663474777,45.550502064434696
55.14438834058749,56.23750475317429,65.55210133742145,90.93724391439116
57.1161487808889,79.92291212773587,124.56332931264582,36.50131962418895
38.75357908162131,68.3434501410099,146.13795755237658,41.93848021869938
34.65885829264378,66.83831658122412,66.32365581266758,89.83106604409468
62.77676821898509,92.47503517351626,72.47491536957209,33.35877390300287
53.323140119795916,50.347226544297854,130.52984400530508,38.997694341269224
42.51513463443446,73.91760192121856,108.14485932476944,47.059491531383
65.51151975522524,60.855196873456265,116.5442882571857,66.81468964259099
51.156746342928585,64.02888418294886,110.2176764920149,54.15605014706627
61.792971840638266,82.92702639618798,111.72087762784432,24.147493056954747
50.67518481410109,67.61753634434436,60.20583615066751,39.356628737456205
70.60747924881987,68.07444118574449,131.41953119864345,37.85291133575577
67.55340842443204,76.08761005964703,135.08769977283322,48.455579095539086
47.51035851520926,54.52570905685672,93.11827767795917,58.51687317259658
59.71570950954356,47.4118549899149,98.69569150558412,58.36411511775944
56.45375949585147,44.327862089684494,54.06677492332834,14.479764919031958
63.68631557532349,30.504651159359973,115.42764268053504,71.27881975121713
40.35076539419896,90.84310694910484,117.16172325142432,55.05137691993247
56.86051459998439,43.451874514174754,98.13426949002067,77.69064095187812
60.58424486849588,56.68119564621342,133.73060079611508,58.883966545813436
32.41260513576886,55.84780050166619,89.97768307060178,72.02645915471524
38.16741487334225,64.61110046713651,116.938177776808,59.33090622900254
29.607678222398995,72.23605818808946,69.41006983923653,76.92451512405496
47.305931655554424,72.90710232539618,99.29343547377286,60.44501272035557
57.17542255795962,51.25383842146592,94.76937226291493,48.041695071141916
65.02357052096028,57.49317429320383,106.75923766122824,95.44869440893763
50.74094780419775,64.2386992573245,88.91419213499924,67.78074244559784
66.28615545571292,56.2696331072468,96.05582212984997,61.47488842008826
36.198985417851084,84.1101836402999,124.7814151432452,24.47391166923328
32.96617560644845,67.36462427457377,86.89707288285348,24.233847650729246
49.44452301103381,71.02316679074727,51.80268697783962,55.854309642837066
53.840654489393074,69.94321903001119,152.48751712616263,52.91042395536481
49.67305251905907,77.60210786227987,141.44362236071458,37.71754869983368
29.325578999601234,62.7153233805556,61.232119146831444,52.8196539922412
49.10879960487212,40.5475207806623,120.69123415735584,81.77253856087191
36.95530499495147,65.99531927628962,84.91075688345971,63.908049491005976
56.69672548830039,50.22964659312257,107.90461645993179,27.179829804945236
53.66598246096848,52.07074977375365,108.8267238704048,47.76982345714113
40.60120213672645,68.7954602813264,92.96776599051034,33.90067038294878
44.861330826633065,78.57424607150453,76.48703003240811,42.24600167182878
39.40786478111048,60.319073651040924,79.28376843051223,41.72768668740714
49.37320902726828,64.63249518898445,72.51424253556273,40.447088347919895
59.551423205012384,85.53322416952857,75.04533375308665,24.8972925605321
40.14273953664456,63.61129769232853,97.98465129851934,47.446906369636196
55.040465155178445,99.02524671270592,78.52720032667744,38.7878472630538
44.69742381627559,68.48264468447316,120.4615619713786,-8.588973800045359
42.07127167737656,33.58855861266274,144.61738466007782,91.05944049003327
48.929696400454425,71.30012431656799,82.59840275889871,71.77539308433344
39.64757677580626,65.71737577324167,107.18213501606131,42.47398550150008
44.46350694652818,79.34629131124119,114.99055330908801,50.37638099481197
38.021221074111516,70.09772026904938,114.16006812757823,26.566913053648765
69.6472513291639,57.92316024024339,102.27865803748263,83.91445755621731
50.35263551971729,41.635526455659516,122.28047255079167,87.94577389546222
43.00274492007414,56.86465114070962,114.46746858041972,53.133874564930494
52.13979910734222,47.2421931868605,62.87012733018106,70.47061288370689
48.8767195030917,51.29214825292916,126.0746819316782,53.505735578678475
47.79030400466777,68.82867606630914,126.61872511800226,23.265491222481387
56.14166700043425,85.0485675652711,77.10141687464255,41.763532620726856
57.57507710047305,65.92007294734472,101.13813506342807,52.63855933543914
44.69498852389472,42.06175406947224,120.49986978433208,40.909045625131114
44.2418175935532,66.66904002330212,93.72058541261916,45.62693445129928
47.24948302848356,77.94947229968477,132.18934143298037,48.17200884981771
26.98078835264415,50.85325643520927,170.91617483858084,48.38243004269077
34.84808937801448,57.989742499906235,76.42041902095053,51.04516980994966
63.66874267444525,60.22032292093795,58.568661905386755,28.787898672067982
66.44967713501283,48.2265253037664,109.11455786814628,35.659677017441275
47.50963960443622,69.72420650765788,121.64687515378431,24.308314686000614
55.765569630557664,58.18577777088328,93.07400878465693,69.55631099372401
53.112501545435364,66.29298665860541,143.59781989963102,7.887061163193508
80.78880808455239,46.6876173329685,59.84182600830253,73.0718068663385
61.195749114345766,53.438125495148846,120.78755869094833,77.72698794525687
48.72082408519233,70.83572036741657,81.8241753772332,43.95638826034757
40.44459559399574,54.4075027186235,151.5813371862189,-2.062741756545975
33.93553679742428,85.90445776850108,159.77546059504354,42.77378876065419
52.03463635867223,54.005457215780964,77.00030236649957,48.716316774223614
42.436492547156966,63.37027088627829,83.5132859227426,29.788035601421733
35.77746290402326,73.98886247809635,125.78763660939406,39.695632123835146
43.534271157574736,38.724514006004526,88.38608050631456,80.60390397726702
39.18451996385605,33.587867820288366,98.63766346203285,63.29854324603482
66.87141635072564,37.11515528144858,100.7616526162723,31.508717712438003
58.816397569494505,78.93876155140774,42.40980531407031,18.04801660809136
49.92027358683383,51.7221278116133,99.58486761717288,43.45965364780458
64.79944138890026,98.37298928502378,79.30816677807479,45.73086441299124
50.77368307647618,51.53628602013917,85.20631532800684,59.92398374726633
41.38715798671736,62.768269547955555,143.30896010406443,39.293665748646816
65.23124077269657,83.13164928851813,62.30479317162231,60.22999150723723
55.38910043684659,90.09139332238684,124.39615560243932,88.70308080120458
39.62753845673544,90.92255364954596,91.63111209004575,66.31002044888525
48.09661321916392,78.12549345889714,91.60719494512497,49.03822985338455
41.24381746615243,75.36093788717193,123.71115688155135,46.336990578934106
36.172002690356635,68.88790423801774,110.20153883706672,42.86653731640258
59.26177547531641,71.67541614249957,117.11838991658593,73.61281824904289
69.0941664047013,51.732214255071995,129.04553981598582,37.45373108097394
36.01432426180859,47.72701674866539,90.06074850450031,50.904454179999654
55.62969236690571,59.94938313883572,81.6328979647675,51.0239580376217
43.49357430878173,57.447230662126074,67.44548420326606,39.96431614376936
45.12874616235304,53.201579260090874,75.23768410063134,22.550689042317984
44.07606075761131,70.44581171185072,188.47283275926176,56.45949007235336
41.36009230320184,74.32957812855766,137.34038742210362,48.77992056289233
50.48521627944827,61.32610329437771,59.46776901375936,60.004809388731395
41.69049883588962,82.16295121582893,60.326261297692895,39.32799387121666
52.704568257798385,42.87466328799742,114.45598185155474,74.41642597626095
49.49761890550863,57.095108110804226,116.417943921339,32.464524375763105
47.6105195313359,49.247665190957925,116.46651505952093,84.24080568035785
40.92436337958402,32.0019507439041,92.35132619338907,15.047269803434766
44.23228669431667,58.75978971235951,96.23637219991299,58.69540129113783
57.55391225825756,58.17378737425075,109.83638572478073,59.50861365053247
55.009171876243805,82.70174614863197,102.57679018879992,34.088858641182355
40.22444755201449,69.46217526832166,33.42098881757394,58.48787875722025
50.99332305429226,44.63719763506192,93.10601108274419,75.59037339520317
57.51387123371789,87.81138849501282,74.4578069721906,5.663623212918708
33.305947188786284,78.31550543288029,105.25634256725536,60.054896149816294
55.43360192379935,68.73146555202923,189.5577700781023,0.13458359339844606
43.37376241054153,56.60273851725252,111.02444996422913,30.686703929535838
55.70598668593159,45.6084114491478,90.59410941482807,82.5833272980189
42.367408434574834,54.416898358934205,127.65404505931757,38.36435933215892
31.95117899335481,76.33122929556279,114.48063661627639,26.52240071182055
33.72457562116837,88.26879458901914,112.60283471355524,46.04124542030636
50.48084946661382,83.14865292408284,118.20551779647013,91.35812676327104
52.59722501721482,52.667258673205886,161.69630694488623,13.366355055879481
40.956833748955916,43.205738500664836,66.07334694022254,28.97380176721311
56.38592458777374,62.113293703668056,114.20896230434363,79.94863366359253
33.3847993773104,33.473409516557226,72.20856610055384,87.15404687075466
49.33920201352684,64.84751571277172,116.66537939026745,47.93137551419432
37.889838002375434,57.78596120551997,72.43940465541716,25.21894594946715
43.48163892197841,53.00945247197637,87.47899559184746,91.91687003618318
50.47398671316414,36.07945399099807,91.14730257286281,81.88884783498393
41.39586634716048,67.70400159854574,129.27450158034128,63.57893975524466
46.154444557701744,52.009487405071326,127.55363331827242,33.751953021251595
60.0629280921444,42.451247464345684,62.62847870660847,49.019413183239266
44.23108130476851,16.916066800775262,101.64802332999547,46.79279837910339
58.35692112065142,59.58727642424046,78.71260435752482,56.617026092311555
38.702931453423815,86.58377395004617,62.244852679739964,79.02002876262672
55.298041779152825,84.91888821821806,93.48948848726889,67.58834082274807
64.41568620657901,53.14355615120592,90.7455163463254,28.452478460304835
25.283554998727105,50.966819094573296,172.80149459036568,77.52992900039075
42.03104744529523,67.03161384112536,112.98879476082088,56.26264280026311
55.7707212718054,45.02421841217563,58.67147497737288,63.741315917178326
47.96954613957007,64.52687849729199,83.05677987487174,79.33081718557206
53.71145873371309,71.49120417577035,130.64149886288195,27.768395009728977
43.960148132841795,78.40399835826462,162.65328318609775,49.28348842587074
50.865897874729,58.49768885280071,52.42050063286125,39.3709089728157
48.44322764607921,56.94489374734551,43.60226844582865,18.642811492690882
61.67782061659807,46.830261198651584,156.12895526115346,56.9341995520984
52.54420843301213,47.5967946894021,111.68842532112711,100.23113103168848
53.37602662075202,56.602816621477096,73.951218043709,13.198445109884943
45.881230338775325,65.51048260224267,116.03887258367305,49.354387779010594
45.123937759275066,73.70376939349875,20.92756782949367,62.81085870149547
45.67441812180379,47.95231573979483,100.10126519791483,52.46156403312362
53.944521423782966,82.39032853439282,109.83463518529256,47.73743894968519
45.79015519179737,55.93314598436147,127.72810418613489,24.015672731083516
52.89774856896413,59.67949058477346,69.58312143122387,54.65573485880327
70.75400798645438,48.79182481278265,102.57061484210077,34.86472045968147
58.711247034316926,23.636396095905873,72.23726121821238,6.201565900428932
46.73976467832159,73.26068094541574,107.66151267022951,73.89184441027462
62.012139221639444,71.0526584563865,73.13961032910927,69.16771639684085
45.91924626978449,55.780086643226795,87.75697482519338,51.033219537021594
29.61875464822146,61.00486075837308,70.12553815629313,54.58149376411405
39.91913689082596,67.73908826556149,119.5340872547097,71.48636025431122
31.292080789741444,36.56181214670186,125.75353349969996,54.486793135561655
46.48486515958692,52.06420983980558,92.96138290127759,68.08035109522629
50.184183791895514,71.9139701943274,101.14713984880085,44.050355982523
66.76437312275283,41.18565865246126,56.542257560993676,76.23967477147893
53.269273737641626,64.40336898249944,91.00970055979639,56.41571451865368
47.80899471191136,39.65127293064893,98.49386148874765,53.88103887211748
58.294055811834895,66.9964497365029,178.62379273089925,24.59877822575936
27.88864690992115,59.465377765537745,66.64098922677509,55.73911708603418
52.356145581085656,35.77302276141736,143.92531716257312,33.360901650110975
57.708651938869664,77.47109031685757,129.90576320397423,37.23434546943012
35.214137542201584,48.981126348029264,108.41909213470409,33.69248743367758
61.43754043206929,47.84621344478428,152.758614525854,28.6753013620155
53.38496407494414,63.008537958464146,111.16316417820589,92.49542806033924
45.847120860991986,77.22956024143073,111.67477587003786,76.62678123976806
56.32781866106285,44.762672715324044,98.40638040947364,88.40735004288523
72.70692857804396,60.92519774771957,136.70706647255884,25.542099608888723
51.81866255058495,66.4322475049586,132.8940770143265,51.42507499821785
52.48220586300336,70.39658410894717,81.22968137511363,24.129847495918085
45.40639100459756,62.64662332915838,60.422584162036976,36.08610245605872
41.50155630535208,54.494582413750166,93.91058087813029,31.637460331668503
58.303358165442454,47.5861466902692,75.99884306807061,74.79168012883123
41.43916174091133,61.292158245695624,98.09426276153934,42.0754064379648
50.715662372193925,43.9179148202159,137.12314404052418,71.36758667388033
45.223425532348834,16.17974274758089,86.2809503473963,62.08241779177036
54.78979825746392,66.54839706236501,98.71529856065276,96.07277504209577
53.33662105286948,73.55902261629294,101.74068204425186,20.411115537205518
60.375399442578995,24.55601346687242,125.45292646615854,75.18466479573598
44.89983601145253,44.854039429350934,32.59331998046184,72.92881740801455
47.30125064706629,69.28731391507796,81.7989911570411,30.53242323945931
40.21236284217693,90.86243204567548,106.33851076838418,70.1426667294632
45.55706739923888,60.31190561513112,136.00236869280585,56.72289926052458
53.77300493044852,49.07995588156298,85.24292657481385,45.45047480093184
57.56988616645352,57.256553383427395,43.70341881874378,33.52129026056001
40.77834675822375,80.62314628722277,118.59134337898409,35.61781097101628
58.6960592010566,50.310537313131974,80.93912833523112,90.99624191571851
63.55637858804951,48.0121199002462,64.31000022728915,50.01365637914965
54.13434903223701,52.758847167269515,81.26963830860328,65.64260003062918
68.76795812558066,45.70007087611931,94.46423927032451,34.182012366648934
42.26210800896427,61.84005473992193,81.85766006385361,34.40294107556723
37.55345296688583,84.3701768770434,33.833018287027926,71.63969618499884
32.212797510957216,64.84618909674043,126.91198590661396,23.008475768969355
64.96044311489183,56.21469746810568,138.24625123836165,41.69572464189457
56.54365656354058,55.62283096626684,119.54565974018517,50.68054822144464
49.44415329089545,36.552137869550144,65.8694298872555,52.22745203680105
52.799686263198204,73.24664665720738,93.95525398157446,46.41813429967687
38.74510952701623,58.83244204480797,99.80436054311626,57.91639562191846
74.45751979616827,57.29280129614062,117.9638316868573,63.85711511635623
51.292211819752275,107.8966135176729,120.05021466154243,64.6927509091866
51.09394794604893,64.48129362548529,77.97478603664513,30.283923826643466
57.25766623898692,48.72313424857224,102.45986669240682,44.316898041424054
54.810092317367136,53.60463605691685,113.71841213845724,73.89525723753876
52.23884024279131,77.22668563795132,143.67466966440298,67.89294375147745
42.09525544554688,61.69905615806647,121.1351961947417,22.54281097037872
54.714683571359956,38.4258303252395,123.67170062126557,57.02959800704403
68.82024496475034,73.78843401862805,102.51479883788083,10.435495012503793
63.454200461549775,49.97783871691509,142.3137743561051,50.938698041207395
65.93186626639397,88.09946664326318,112.29288387878492,87.95534033491954
44.88784323568815,76.20072098571973,74.16736269479289,31.042145654620274
40.10395179741419,53.29017156511873,142.10109910375573,33.31353909016836
48.74213079900352,79.2152454260267,120.93709817617082,65.28059563145719
50.557249122886944,61.01783265791105,86.70867936614553,19.14396969580708
60.94191518470949,72.79160512683329,85.6152109780227,37.34489940229922
33.07535370285181,67.27099225941713,108.89726635422285,61.92882275163505
65.29550319460614,47.3046501751369,113.89554385802754,37.31428304621194
48.419921014210104,50.346752515238066,105.9187679689362,45.28060025578057
45.7311893005258,75.44941226371742,109.33926020328654,64.8837142063007
39.87895624739832,54.97837001840189,150.99872123729142,58.43092167073122
33.451433281342304,53.94527305137005,132.14629456704657,55.336367925908036
58.231705839619146,45.673161309759706,105.71906773795072,43.21755441459923
50.73317967188404,66.35398598390192,128.2393174230245,57.40122230537911
37.10039100258946,90.93787378864718,69.02428289417381,47.52534639800487
37.04921227936384,43.9870062861859,111.93781149840427,59.15611219851569
46.64215300709872,60.36329185009137,154.2791904919933,40.06135949764044
66.69021525289392,81.18330833123144,93.45862313822879,46.34862051240918
47.40408648636395,58.805379131314275,74.57098214142746,30.20084414895972
34.96857046881894,66.78557694374601,80.43733334220818,49.29984779987528
47.54256935914056,44.0640970777968,67.31100887972835,33.7799827274231
47.27276430252329,66.42460645811472,76.4571427561689,27.719070996760134
23.031133570584284,57.192836024931765,88.88475704229913,55.17322295710776
49.45705133482188,74.78594993519795,57.832989424640736,54.254795517153205
47.69065469791322,77.81079077347127,100.46855001848809,65.65747469897146
56.96206364813418,98.84345463027921,127.06831521359942,41.37748860849802
68.48956094945345,68.69449759820364,72.76731459559238,58.161056936735115
61.26565029547757,64.8869447487325,145.57851770925305,61.01595144547326
47.31111309445169,62.91576452366004,115.32376265582784,58.895476156631894
38.934740912583294,54.702505607839676,130.9174175687217,33.48692634395716
75.7335980324986,65.07725765192536,80.26496338443589,52.98726964542378
50.59218434014488,55.56897884791456,125.63575681199848,57.28280592109323
50.13929291912946,62.52691464404421,67.2419829881406,50.14356933815884
49.758749128899964,79.7639630341194,126.70742502509526,8.270446832578308
51.98084760767855,44.90186152080538,105.15518019380593,53.2097924794696
48.556395880760576,77.09817841693568,116.5975365995435,94.25062078794484
44.26337993119763,79.75672601009798,64.73216183125444,42.79921462486035
44.53141058759608,58.22897209513382,73.14790473170186,35.43845804289358
49.672467297840015,28.172176514871083,117.91684654760155,57.466971194227966
44.56575228866235,50.882670193583515,71.54955987327398,56.247564209331436
42.871542173228356,79.45491819841664,113.8961887629737,73.85470330832828
51.064302276918966,59.656979065516765,58.98586580619263,24.842636881822244
47.450227825791444,45.01046651557634,125.44522638000004,64.62760505149984
65.0399298858269,52.42837618157674,63.02430055694473,61.80844122502927
23.490301916069882,72.60930039756829,116.5689981303857,47.15706926118908
60.91506851922462,68.20100352302069,118.76892800938003,56.7737463584338
62.46085192497629,56.416018512454585,79.09684544711276,70.58914963196715
29.266097675918505,54.49763382277969,117.4607970125418,67.44630760056901
46.573124059196516,54.12362776434267,107.81326790000668,27.139613758525428
46.28559134004209,46.163847232522464,83.83474431421786,66.40316373510969
35.924883052821784,84.23063534204162,69.74335947771375,48.70622789934963
42.22183312409125,55.1651929618299,41.121229249822626,51.45748196031031
38.894241545341714,78.25737781238244,110.48950141899081,51.46393982003389
67.52270443423623,82.81974077883677,53.05591685913834,46.9951402240348
59.35678393147461,74.9746634722194,102.86032598323925,73.8341499421413
62.71555094994159,53.52569530922928,92.09655351753253,48.32564080301576
57.21672064043235,66.05595135504915,120.37428326314586,27.609077432336626
38.70948228782771,59.63706590413626,90.93863501530407,42.129402880605426
44.75479733720226,46.44447208904808,90.11656640958726,53.57389433620951
54.89374561227918,64.86538922582405,121.95612112864887,74.58429568594102
37.778721911080545,42.31440313260296,110.05174087252352,62.061893698976675
57.12998430172388,77.81519082692346,109.48467871548334,32.98929442505912
47.59674601841865,53.03074054052411,114.07802769425578,99.70379833357782
46.251791924504026,63.01739483809259,53.93283630378683,55.29550621955959
57.10959968203491,64.24931807319213,122.70366039960946,75.50781475998029
54.4426331148604,56.11642539443884,118.37406382040807,46.96571132845542
46.3903383418092,68.80040702212912,69.49950614270509,60.667184894108985
61.59329803364248,52.876445150662136,92.67758578977396,66.7893700903681
39.189366724001026,73.06945946185866,98.82078137117107,74.36389423508513
56.15935606944264,39.81030479629877,95.96509646794802,71.1473661075645
55.93101257968384,61.89569369319618,110.01579899705604,67.44394000145955
46.904535606860094,89.08393498587427,142.9410034549355,43.69826537611783
53.26133022242118,44.995030130916376,132.45300183018486,38.565079160878774
37.488864236146966,49.83382544212723,60.63342419705781,56.65215020648395
59.24027019206901,67.70861774488372,118.66209970918146,68.66256144682139
48.15097863557011,62.69372672909397,139.8679995860623,45.54558598446786
44.772769794809605,65.25945148910338,111.60425562067608,71.30343931428773
60.49009225836889,67.33780695221495,132.729412755579,79.05233490972358
42.95656309457241,69.52082202842655,160.36811337102296,31.673581618531607
35.91538703636441,76.64549762934334,130.71128638320943,33.2615859240744
34.433708264760966,66.14727985392769,107.47925786925187,47.192498821893274
56.06009951345639,56.38113518072186,131.3526542225426,56.15225336378393
37.19570647503717,70.08860551804096,104.34663499290673,39.50865972465898
67.54794181984364,88.49822902342824,100.71709129854867,77.04405357734288
29.18070592116278,58.010493804261394,89.45757292858802,58.48133723036902
66.96456368290038,45.38206042994038,146.90240076496326,50.78894096481479
52.11017467202618,76.60621003930459,75.44714002173995,21.281809522629448
49.032868881296075,58.19428254069603,145.97103174034348,23.683683671449856
44.550809131910505,27.409956809789456,114.99592371221114,55.620185005636124
53.991361143520706,72.71132515725633,58.02081475594176,7.348087476903274
49.62365297575152,51.97007721069116,111.02947878974265,70.25274819288143
61.03301882016521,58.64200076543759,36.99920477045128,46.83692311255359
51.142276486620396,64.97970495853522,118.76524050493107,114.86185939189467
51.50301761461878,62.857495196685996,126.55694448966973,96.15832501232221
46.36387787786144,70.6417772570856,82.2293213304384,46.371018615049664
49.43054376278933,53.46770444145235,103.70643087866748,47.873259949373704
53.07801768892059,67.69658697264124,158.62472301250858,69.9116302800406
32.89831607343375,56.106799836241244,84.8275988721419,84.06345219836075
36.518145778942866,71.08215721331254,68.23277238830198,17.239418851279666
57.43264094022715,69.23051226019581,144.44990207387798,14.272490692906267
51.708654381279416,45.96841946933107,158.87761571592384,37.55930388891237
48.16016663647321,76.28973174262549,100.11087015543542,61.654751663477285
50.184339330653934,51.96054832328928,130.3438910622507,59.93747181015194
53.47581705361671,72.12086697421718,140.24427746592642,71.395429099677
44.60240319690639,65.50930970102011,77.72547302384848,26.006049432693835
42.216952745976876,87.57275515192684,85.44082493896396,3.6771227406224654
51.958452550976816,56.64801026442222,136.92623539464205,67.1602839060429
40.21627222384968,54.760248058227035,150.55042836125529,33.43607454069531
54.082527557144715,59.708705911684014,116.88642580523064,9.630242712227243
32.9741639576216,55.452303257485866,73.60556939493837,52.901274919187635
60.29155637325644,71.99912852913076,159.61183335098323,65.86351376437355
54.72597482413043,35.75534087345118,84.07087306564107,47.55885735757445
52.56029734313876,44.194763712804686,89.94586656485644,40.843032276350215
59.82690983945514,43.9829561763121,110.27013503468865,46.81275535708187
66.65474444462576,74.25461387960364,146.62481262144323,42.588344751984344
60.1437006501813,85.65920058872888,125.6192792965667,23.03905776119666
31.591257686683548,58.433261721937924,112.44596501085731,35.70638646019137
37.204230332642986,57.46767415214984,113.89865590354319,60.42559810027629
43.75181422304321,61.050782446697724,101.30544005930398,56.433570827530005
50.26091050210834,77.42817453912286,116.74418543555518,53.361196119336405
55.17659020469123,46.089702987141386,24.113197669170916,30.09703036293241
42.742561868465344,63.57553474102178,91.10177622790604,46.36993675728666
51.86766764477078,74.62796444673644,107.23965804750343,6.458699071142902
42.44617067646678,67.51641254909768,65.46957749141478,53.5695332777078
43.884821970080516,62.843724248981154,111.5896995343468,78.57715415627135
35.93338903151778,75.01569138850712,93.86586337041635,20.517357359157884
40.76766753889096,19.451515605011444,152.6642709494647,38.281446533644896
36.48315394383666,70.16812979296361,147.19059175644568,56.58213557420259
40.241267470226674,50.188864753088644,86.02583292645511,75.05685268854967
60.536417966078396,32.54050654715314,95.47486865299913,41.03550767399701
40.50601111168057,67.66803899287471,97.78157303174822,36.154993414682075
76.32382064837391,80.60487817744436,86.45021571521131,10.62153715167834
54.93317900880889,57.93827228058462,105.8507495208438,52.06876258616213
51.84836123694874,74.29311820804408,77.25153793337229,90.84152080287488
41.41642219818787,84.18417386982968,66.08153995187422,55.54716923929352
57.003098794089915,79.72371680376071,118.68133671700807,49.55442041632573
44.24362173762226,84.59946794057089,118.88588752665433,56.44164621533971
51.220098146453616,71.13191236607838,75.87052721020024,49.77815992102796
75.60084538268795,61.13150458352389,126.86066292287799,33.73971255479741
49.0394010027535,35.97051282154247,81.05266812504006,66.46559831355411
61.49273326285676,56.30906267805077,107.59495714113943,54.51523046223509
42.96823574874112,47.35130107025712,124.61032037837369,50.352265038673146
49.65011509503038,92.5641407624672,98.9916230588886,30.492679454435002
67.7080063563551,57.36171281351495,113.64222736423403,76.07015863869518
43.730329422122324,61.848072101767286,84.50711068337284,63.2940549066622
68.12448557996929,68.27228064060701,94.10600249715708,38.941583252653956
57.07751935455475,60.654036695586804,93.8242170735898,70.03649707363874
44.37533224105732,85.4257656064613,77.60264960379283,40.048583232295854
56.32407739055521,50.66025957398322,94.69677510652653,34.35993014977926
59.7255444962673,62.91911182855864,53.5414510340876,34.805937650394256
56.21809962217196,48.86294121452927,85.26538758573686,14.578628938238175
34.297752801095434,40.19966233168941,91.45373519890987,59.43084760836412
42.728628241751316,50.82346363642072,92.3146074251386,13.377102433232999
47.52481364448495,59.44444804427382,92.75507662387663,25.43112337468475
49.25566570899954,53.5604666322411,98.14707400419613,8.488239818429335
56.206720975506784,49.61368530189216,114.38324554258192,48.27860614418214
51.777010009332535,38.90523804492249,126.23551222397568,46.99359079456256
36.64655641289899,58.75341641056958,80.50704319455198,43.46607573627272
53.801978510059634,37.42919438953497,63.90397433832567,29.148446106588473
56.10585745283823,71.40083945534404,68.7386676327069,26.5553249312672
55.5979044793104,61.23659629401755,85.38391236415218,59.287397270931486
60.807807255546216,38.13672750802604,89.44236046550472,38.98896136583025
58.33922154548904,55.36186384425205,76.90011801407628,56.3271664307229
54.59180079228437,48.71765391614125,61.116500072503165,32.29502627751555
49.29834288541353,64.78761765628771,86.31637517577435,53.62125485542165
33.39039066484008,80.10675669034717,105.44279860341913,76.06556074632127
54.296182191325855,31.87241295531383,117.85088397506695,61.723316007855665
52.076876871631114,61.72539118721126,83.27730840675036,41.751723635670395
52.715788371953735,57.59800806650039,87.61006533569697,55.14397940711855
37.232514241796906,70.07010114675698,72.19905073458068,45.18669650939574
39.189434595917376,63.19794942356533,99.05682488875671,50.157603693894565
60.53152853332904,48.72046002391771,74.54714097427556,43.48777895702993
49.60444846143345,55.214190965000725,117.193834397236,46.71329588229218
56.81500697372624,48.05961214794766,46.424005241976666,54.241867061483504
50.28318376130461,76.14010707897897,89.21110982642612,30.132826008360986
50.297561394957455,60.319674730079136,109.03322017575226,29.682423460200432
59.382838059759976,88.5178602862951,105.51503548967513,22.229148923375778
44.83955271782626,59.090087792780686,180.7910099194149,17.994577909925802
50.96120776940983,49.37389849634306,110.49400073703723,25.654346155590414
45.377247112949576,37.294284110807595,69.87836209473969,53.189250136082585
45.65503772567684,32.95290485616083,97.1360725873278,32.14424969016232
46.908278765313604,36.23796085491765,46.71260999600645,60.27228928462193
52.22133771633713,64.00689976517225,97.58200752109717,50.694274975051236
45.212513783365225,67.63087534844901,75.00831828997724,10.629915731238924
62.55756125573521,36.282139469518,127.46170826680485,63.09951168443379
41.05392697780496,73.42557471114173,83.51379176213395,66.2159729118342
48.13128355838641,52.75408422474841,96.4970225261426,30.122746503302935
45.60268941725825,62.20189517978324,80.9332647578679,58.403830857899834
64.46977884353733,84.18330942383136,152.16554055559993,32.87003525181602
51.965547765115744,73.45258973798298,90.36271701646265,51.95340753496671
60.31844539468635,55.97204028141252,154.97671130437607,24.71003186090069
35.14439626963028,46.63211661877069,124.424552863548,14.137870949308464
52.67050265869259,27.722768980060422,114.46200182006159,42.34365620774063
58.89630795623437,49.212700211363696,111.06199441952559,47.52542107450328
50.82283989275424,56.83304641758458,111.81391894648755,42.04640612770792
60.654803750653514,45.19230709273224,42.1698226196317,26.31938883554881
44.82711549899628,58.031145493615426,91.6334981754773,42.00201875737726
64.0934744018558,61.15277824438152,125.35473913552966,55.38589505161468
72.9889812361925,56.627160272878825,98.53308449577683,49.10213939754926
46.37161439560341,50.249961287648105,57.84430459589275,53.65002061198427
45.54497478599228,62.529820079500915,98.42786648267591,36.59769599091534
64.533844771177,66.62910974354114,151.12316548766472,73.43435829432319
65.79572145730712,43.64401383835731,137.40675146604158,26.476533268904387
44.771399728467316,81.16398569619405,98.13987971901905,59.75120594173437
45.798131829041424,58.521178015736076,128.5434783117426,73.63782185919924
47.18215391139493,60.28274434417271,89.00478938895844,59.618161854977906
36.555494889657226,70.62321634884836,48.88385239519843,45.9495154587034
40.81348053515802,63.49824196895253,72.26602035611337,39.43405906674042
39.95859233247932,74.29704950869868,146.88666305524595,70.72175302092512
42.32202434895871,64.30686247802737,91.78020754512087,21.540501494766538
49.65315112613219,50.81343938039343,92.69848061874946,30.59751479240713
52.342147325365204,65.42255287809152,91.00485411175359,42.04884469016557
65.50500492814076,42.844106890190076,157.12409768719021,74.75307515023997
40.016459592612094,61.62839558664785,148.7787674608619,57.59535272081792
59.843223984765835,59.50155014033309,166.563407003444,30.639084829795095
47.86011155774491,56.8782471409119,95.22864368799846,43.793845892301924
49.50536290347567,58.07193732841604,108.86873466241285,37.713537118074115
56.74819492166604,31.772264317535413,54.500723517376265,35.8042201553293
38.772779784377015,51.76912638388558,144.30803278354824,69.57779117113559
53.82409746184051,61.39267351711672,64.96661346196194,22.56513741472989
51.66452208213056,62.397845879961004,106.50326691287887,82.17561711468747
54.92451264008149,44.58487288611063,67.08092417101469,66.56459380369246
52.89168643907818,78.98561761297051,82.33399519783912,71.81723341207396
74.55300139910895,47.007377276782485,74.88212706850899,40.741209759494836
43.62260015748684,74.54185800790106,81.76374217972547,47.001185618417814
44.690030449981826,66.40791542807527,83.82631890553064,21.33696370950576
43.76859473575236,50.30659035234295,83.55193615224769,39.50675185866394
44.44522880839745,86.62966338914268,125.00001735340922,59.873096952863015
43.62612872693482,42.095447523652794,66.8541162081244,75.92126123562792
61.89016531107552,73.78731260415002,106.61624281041601,27.856863663950968
64.20504247989855,75.00873477064468,136.53877456916675,42.68988126029468
44.29253706250524,49.94069686385033,84.60410906459812,46.974015595349556
41.67644426895771,80.88697950096493,78.46243327757195,22.084215956150295
54.71415556386404,56.24930228101571,93.08426124459247,61.826984835168005
44.477769557190285,64.33040443919785,135.3917562508213,35.52019336514782
56.32931817755511,63.90482758156831,105.82322892860073,46.09219297645952
52.029230208513,57.98536887794178,84.06357116177205,40.961012561762445
34.84255885002768,72.16212409739673,114.5162995356412,34.21322988560651
65.47505201330061,71.9023308082832,66.9312355049073,49.85910029038891
67.95877673095522,33.772020401427284,120.44078531328844,45.687808428639556
43.87211309515614,79.56510364317229,112.25821923105303,42.56284235442669
46.122984400640156,35.062620179464886,90.76574586583348,35.43076756639314
52.85865390724905,75.48819306512486,74.84242604658307,56.39049341565911
53.34456789987025,76.90057705241375,73.39957233149627,83.07234536984569
56.5854427267283,43.63550354677203,116.0445200903773,52.79774465678255
70.1020453876635,53.83778568068123,136.86941507467185,69.92236429822258
48.2305277250595,43.41442997271096,80.88076758913616,22.195561496930747
42.01702755461546,56.77618454566897,113.75160110654453,53.15522878587539
36.20680771985473,55.379485737213884,37.38918944193794,28.052633620578668
42.69069960058081,71.6949079840401,82.46146808028402,20.461501449361972
49.66873027126203,79.65463119179412,99.06823201387294,35.21257185081927
67.94557863517788,80.93525716184934,72.70949749054499,73.83798668827146
44.823887009638284,51.567479601325466,71.90480875631212,69.00031657339291
52.237879516388986,56.86167189383208,79.96661330593341,54.860094441087995
49.83577103927248,34.74842711668575,108.7657818497912,19.345988802201383
61.88393273448084,47.911949002557165,94.38012944780876,46.074386972241264
75.26932425873622,74.47277449646187,32.85306300025084,56.03400017803471
44.69131227079679,84.23374235322348,36.378995420948016,53.51072459157196
45.10560557481778,41.48476692180117,81.79404466428474,13.124128330385084
60.44160877069072,51.11303611270659,113.73059758160656,32.19364303960256
56.81891489626312,59.603913645616096,17.57485471824296,48.71844471702567
68.46707325736034,64.2024173822941,85.00809471545108,60.7258181903438
55.839281853259635,47.85594720117531,84.21256430447737,6.077443578001073
46.40707909212941,66.36091566696135,141.65013334625343,46.75752049040283
55.90654830692309,52.89240979393626,88.4493456486141,52.86097539757905
61.087035805829075,59.78321593682581,111.48966954222786,66.99223977032426
58.204821811973645,68.19426372005549,104.23771420262389,63.857151684748736
55.07274031107298,60.09633404716407,36.08300560578398,61.651426376176104
60.666746895891535,53.45421164210147,123.04621649895212,34.001189865961315
61.692955904456724,58.35585294111254,106.46189516368864,11.839957257533847
63.82158991037527,58.67455561191997,115.24805919023768,42.13894485877198
56.48709887589643,54.449834551768085,217.7871311930898,70.0326365041712
48.328819196831454,56.11805905999346,37.47661181504235,77.86909055048864
51.46713686433323,83.97970755757075,151.74089949283325,64.2109820459557
62.06508966508357,68.41379171911858,91.37657441798933,58.58681645603468
41.83064329012764,55.56779522956259,108.61986713209028,57.59279296771931
53.686733088729014,70.45431606766104,98.63463264096274,38.87762506478439
46.06661187672639,54.99270765365985,87.2729099980587,47.3987941289276
50.28744822934817,77.59686956379961,82.90501215283723,83.38139051652662
62.78451862607299,65.54463288297141,109.88526206719027,31.148839884162474
51.910990680199035,58.39046783993657,54.48478909984963,82.29557581419704
50.46436548156149,66.71575388715416,122.51737502565297,43.55943691015883
36.40143859020081,36.43685771897251,87.51416785344239,76.50864218190156
57.46253566027221,43.09848796635292,66.09791982878926,21.863699810049233
56.45484181141075,42.091124904014166,86.49961426012558,61.71808402329298
71.6325472330546,62.1441464214556,137.7144765058772,35.26459728104756
46.92221765046999,85.98772499227638,83.9399473895133,21.69465616151625
52.19150327663939,93.46950219288948,110.7536085462886,54.37068084821891
52.49383683710755,69.57076652161136,78.0713117285358,70.18943577191938
65.77453279763475,67.51266712416685,122.73765549770859,33.10117122813007
49.047044676130476,32.984133987708915,120.56523216370613,20.019680790831977
52.790215257703395,51.859893003989676,155.45826499889233,48.163104713300896
56.078965097165394,48.183243721376414,94.73308163502354,48.25129342445638
51.86609123156358,50.68728602623326,120.0596441427372,60.966392551089974
45.535663854494715,57.47784272122816,102.94202618616833,68.99189142728977
51.94089992898308,52.91864133454309,138.87615345589043,48.81169637455012
60.73631749859772,30.310502844363185,78.43502837173808,87.11006629588526
39.7348470058894,71.218653841763,122.35015938631844,54.48469489070584
51.32969674146876,43.9088546139029,94.15908111649955,43.07146987986201
42.99879185060827,63.588702961667245,98.07435468674507,17.76865281794344
61.950466289248425,91.1112400462496,102.75257453345118,44.746809593676645
34.76813095216225,46.20923112620365,107.56721189280032,43.272261091777274
44.410781527284115,22.045687158805052,96.51312870634125,69.2060959256294
53.772118750645205,55.70993667179834,106.44139549511578,59.24967248133708
65.65524029234341,76.51439452497857,147.34354172686554,26.412617567347656
49.34249738927012,89.37521181330891,129.56349056845656,53.44508772822075
44.44800473306802,41.55675608321375,126.0746377749069,63.430623434581065
68.8115706944059,67.45048834854782,86.33381421928388,80.56062718775665
35.51986099583756,53.0203431482992,73.32277515315027,67.75007934828119
28.011940433799182,58.410774685437964,128.6590167471326,65.21693308622956
54.40014450053332,99.66515020525551,126.28140377589384,51.201719892303274
44.97945775647389,37.4554450740727,144.18012027252945,57.76624010846899
39.787671828692865,63.8060949224186,81.88058122092312,74.99009801412318
57.08356447299353,67.01539757648149,93.11354033918958,23.344452050407007
52.43800713771199,76.2867948740902,50.815475124236976,43.01121345566088
44.359213692632714,61.46974730206343,88.22586681817381,34.548625024875186
37.19695601329106,64.62075809256153,129.89711531738342,57.583062374522484
58.724573282801444,54.125271488673135,86.00513862315407,74.60444351301575
56.50201177958661,64.0369041186766,119.21439385602471,38.06051426557852
49.00824136220617,54.85211586753884,94.28490682006566,2.1939126506112387
68.46636996047665,69.32357834784077,109.72171084664681,41.7555850995106
39.29915233673847,54.45584495934549,65.56925830552998,68.26947464034814
34.74474829075261,65.6565059085328,102.55628348901703,60.75259805899759
43.080919301187556,59.56105779472532,10.265920872978299,58.56372495621152
49.54413983644502,76.89075376158252,94.39311525514046,44.4001339625104
52.43339449322692,59.229094146172706,51.0858026885458,24.419385275604274
47.5876394214367,33.40451297689678,136.17983549640448,60.305886432489345
53.520553965142966,78.92882251070988,123.32222058293533,33.3143637993075
37.48460575809556,46.414015487060716,114.00012945898243,93.68193466760913
64.4376460407326,50.1935049202677,145.6301868147814,61.41014416709032
49.178488216074314,51.065080589347616,71.53250437525489,38.38703394892098
61.172958315881274,80.61657139756227,152.42089593746675,37.772295052227435
53.42725346377704,27.964886790319568,127.96574692781154,48.14111586772823
54.567532191537836,107.0662280048999,92.90334138343162,45.209961559565
55.69767280232204,75.84085213599077,134.06860441548832,72.3366755105991
54.47708560017315,63.348583711937394,66.81119462765098,53.728323394880924
56.42722759867544,59.1765899907557,75.26457515416979,35.36736522182944
63.29152530132431,64.28331112286486,81.742308302809,87.80881370311565
51.9652116970147,67.81683642569007,84.13066875807954,50.986166630404455
57.09003757588512,69.67823378925085,68.30327071719242,65.37679351937794
49.102643057127736,68.33406699005172,136.69249201285976,37.83546985110482
64.40117215449473,61.34371021882873,92.23436798890505,57.26231255489047
43.2360769794073,57.03992369539011,110.57514905070639,56.22219982286391
68.00940432910815,57.730900745197324,82.88945900758958,12.207014158076944
49.59842049355657,57.07637579470978,45.38190098354448,90.3055022092128
35.69224897881952,77.00655145300597,108.10172075174266,75.81288921845095
51.28104414910789,68.90335083421293,42.632350737406696,42.05609367708025
43.18948342525119,15.894170480035797,97.94097861743595,27.95460519088289
58.406435489887244,69.83851164794642,58.95054883501569,56.95123227607104
43.47376020697609,62.92104292078162,159.61827997692424,51.73395398828793
45.538165667852205,59.71936865331154,127.34088166524165,57.11337897126459
31.104592690544692,54.17222320366671,103.1726137381444,53.83154792388179
45.47693680750923,76.86169079979021,137.91120032964005,60.12481978611852
25.761206733710434,74.21289693184286,74.61052067602793,78.94611398783613
34.16097176514277,48.40683498264586,116.3043813601028,61.36206410257292
57.604146561442974,66.10578430686803,105.9943130115614,29.006890021801176
57.85800158650832,45.42514898188071,107.9206024400101,77.25125705424904
54.254575617849646,39.305727528166045,138.17060500320304,82.81229126976575
40.33023856870787,50.59924163115052,121.97476308339407,113.0411346902417
49.5228864385802,72.93590208574138,108.66170988475069,27.53011933520804
49.963974609094315,74.2968756806413,50.353376913151116,54.8576402630055
38.416353108074574,67.6962813014594,71.19861114161608,8.358025936220258
65.0339830176715,70.87643680271995,96.31873199212828,61.06298312758418
58.77362290575671,67.74267430672438,102.80117122829954,39.03599403666455
47.79035826170336,50.37777607165572,66.09388825978229,88.46891589649906
50.26885838994531,66.47883817010911,172.35030026735262,34.507700599628365
52.08382807947552,72.00614287841523,145.49182165760718,16.21633924065477
29.582651315757094,71.31436994720362,118.0635496117745,40.5747251859496
47.52822617479403,77.83370057211964,102.16110583851234,10.49024457565725
43.180157520022014,70.62455770801596,93.63373090296545,65.0219890901462
39.983799901050844,65.27172311312374,71.44244619933293,8.698339074873587
47.18899707114045,76.05225357474642,102.32441555556588,50.569151623663174
67.97686526849523,59.6021811112641,107.73257620428252,8.44376360287606
56.4084286126701,46.771880231584234,62.74718273555127,43.594043909267164
44.28821010217203,57.553995540843545,110.02529251734693,82.86756311609068
55.72582781356159,48.82646032790326,95.34222853525753,57.2129578287159
93.27301279007013,93.52388583267722,424.9889069276532,296.97981354015457
94.93759302212183,95.3625023252041,461.05814785897826,356.3890125316949
95.0360337440889,95.92054324996461,567.553644620657,304.3055434129489
95.94526069168681,95.38968468054027,544.3095594292398,262.6538357464916
92.26628327343835,92.96060936058228,496.86802113363825,349.50831194796444
96.18513454769466,95.4127235426509,512.1561729256447,289.1434462526899
89.59121673679445,97.92439187743527,485.28787471817714,326.32683418361535
93.74023089527238,95.89727152902906,567.8291692913991,276.12946469035995
94.0234523150969,96.92397437814368,489.9823711102918,267.50865572512816
96.26665365214248,94.52597605997474,511.5921046067424,304.2084115092848
95.04526170535374,96.49980047884742,557.3015072071032,300.64143217718424
92.18887389228743,95.55853567643305,461.1314257577047,323.99135176834164
93.03001374836597,93.09817854062554,577.9394592248447,286.56771233451286
95.39736001909482,95.63704200959775,423.47692951283113,208.18201081148015
94.84186531627088,93.01660667311938,581.4821065556399,278.3613058205806
93.8417517807285,93.73423945023042,481.36622080240124,339.6909233571908
94.03833242097605,95.37865661458474,487.8650626087359,285.1311960378447
96.39233599431857,95.59448854676025,405.49949144085286,287.6808298742726
93.96461485426157,92.62153506984575,477.2602641311154,349.31882529529685
94.82381751194185,97.10797154236575,448.0096734486558,264.40133863705387
99.33987317616109,96.14401255660094,469.61768273132634,222.85983908785502
92.15263472623215,93.59054312877824,493.134451710556,291.9684440237253
91.29631453685069,91.92483040710165,547.8895807236453,275.79130243756316
96.56717932959721,94.71019084183713,510.3801675700313,251.6876840123373
93.6427138774118,94.10811257227768,515.3838326700557,291.23107720506545
94.36352494451477,95.22628091410604,445.2240305577219,324.5752823623392
93.43768724373777,94.27376667768887,455.96229551986346,299.53557192160923
94.48039971846498,90.98508627850998,589.9362509175656,315.3490536343119
98.19707622419268,94.22330612339768,463.23994826183764,390.67038492577115
96.60425691723624,94.38876177786338,582.8104126028647,282.8560569221218
96.72444702377395,96.26732204954811,487.8469400559567,313.91743173223347
92.16754588841471,93.6036006507779,500.1143968071752,274.53933187004327
92.69769252689426,98.35734934674514,553.5182580114965,257.68201400565135
89.32184268102915,91.17671889869649,563.5946210969328,270.7546173291115
93.38123835783449,97.62233499560524,494.45937198604565,276.0620714239156
96.91340637277132,94.5513620582438,480.58784732392303,317.9737898773563
96.03389303149675,96.71916974468711,497.20397757388935,417.45378933503787
94.55697347409576,95.15960296811747,516.8978764116059,264.19782818620797
94.9553994325639,97.27911107205094,544.5651843434878,279.1687347192269
93.62222891484919,94.22527607089438,500.2114929497076,296.8438493444376
95.40951776480357,92.80275914964437,530.9443149011577,319.7899424354874
96.53175655896123,97.84100857454213,581.9179866135471,313.17754059773927
91.76822642517905,94.77303870823572,519.0654806132393,364.2047896974059
95.5992953756747,95.44311694724843,515.5826428002389,178.68039647323957
96.86486974190933,97.46950382808959,424.0544587454966,180.65350649021636
94.16979942207325,92.93608951581113,368.46349315854684,275.20609139949255
96.40140122424117,96.19098179527852,519.4187864615084,354.86500937718546
100.6293088889451,93.82021048707422,495.2587884359564,221.7175984197202
94.79131441402622,94.73566128871126,474.2608662542629,149.61838301531213
95.78661410001065,95.14455793076858,512.1765102093173,328.55897031096043
